n_train,eval_cer
50,0.9062751407884151
150,0.2996781979082864
500,0.024537409493161706
